[{"Hospital_Name": "ALBANY VA MEDICAL CENTER", "3": 0.0, "4": 0.0, "5": 0.0, "All": 0.0}, {"Hospital_Name": "ALEXANDRIA VA MEDICAL CENTER", "3": 0.0, "4": 0.0, "5": 0.0, "All": 0.0}, {"Hospital_Name": "ASHEVILLE-OTEEN VA MEDICAL CENTER", "3": 0.0, "4": 0.0, "5": 0.0, "All": 0.0}, {"Hospital_Name": "AUGUSTA VA MEDICAL CENTER", "3": 0.0, "4": 0.0, "5": 0.0, "All": 0.0}, {"Hospital_Name": "BATH VA MEDICAL CENTER", "3": 0.0, "4": 1.0, "5": 0.0, "All": 0.0}, {"Hospital_Name": "BATTLE CREEK VA MEDICAL CENTER", "3": 0.0, "4": 0.0, "5": 0.0, "All": 0.0}, {"Hospital_Name": "BAY PINES VA MEDICAL CENTER", "3": 0.0, "4": 0.0, "5": 0.0, "All": 0.0}, {"Hospital_Name": "BECKLEY VA MEDICAL CENTER", "3": 0.0, "4": 0.0, "5": 0.0, "All": 0.0}, {"Hospital_Name": "BEDFORD VA MEDICAL CENTER", "3": 0.0, "4": 0.0, "5": 0.0, "All": 0.0}, {"Hospital_Name": "BIRMINGHAM VA MEDICAL CENTER", "3": 0.0, "4": 0.0, "5": 0.0, "All": 0.0}, {"Hospital_Name": "BOISE VA MEDICAL CENTER", "3": 0.0, "4": 0.0, "5": 0.0, "All": 0.0}, {"Hospital_Name": "BRONX VA MEDICAL CENTER", "3": 0.0, "4": 0.0, "5": 0.0, "All": 0.0}, {"Hospital_Name": "CHARLESTON VA MEDICAL CENTER", "3": 0.0, "4": 0.0, "5": 0.0, "All": 0.0}, {"Hospital_Name": "CHEYENNE VA MEDICAL CENTER", "3": 0.0, "4": 0.0, "5": 0.0, "All": 0.0}, {"Hospital_Name": "CHILLICOTHE VA MEDICAL CENTER", "3": 0.0, "4": 0.0, "5": 0.0, "All": 0.0}, {"Hospital_Name": "CINCINNATI VA MEDICAL CENTER", "3": 0.0, "4": 0.0, "5": 0.0, "All": 0.0}, {"Hospital_Name": "CLARKSBURG VA MEDICAL CENTER", "3": 0.0, "4": 0.0, "5": 0.0, "All": 0.0}, {"Hospital_Name": "CLEVELAND-WADE PARK VA MEDICAL CENTER", "3": 0.0, "4": 0.0, "5": 0.0, "All": 0.0}, {"Hospital_Name": "COATESVILLE VA MEDICAL CENTER", "3": 0.0, "4": 0.0, "5": 0.0, "All": 0.0}, {"Hospital_Name": "COLMERY-O'NEIL VA MEDICAL CENTER", "3": 0.0, "4": 0.0, "5": 1.0, "All": 0.0}, {"Hospital_Name": "COLUMBIA MO VA MEDICAL CENTER", "3": 0.0, "4": 0.0, "5": 0.0, "All": 0.0}, {"Hospital_Name": "COLUMBIA SC VA MEDICAL CENTER", "3": 0.0, "4": 0.0, "5": 0.0, "All": 0.0}, {"Hospital_Name": "DALLAS VA MEDICAL CENTER (VA NORTH TEXAS HEALTHCARE SYSTEM)", "3": 0.0, "4": 0.0, "5": 0.0, "All": 0.0}, {"Hospital_Name": "DAYTON VA MEDICAL CENTER", "3": 0.0, "4": 0.0, "5": 0.0, "All": 0.0}, {"Hospital_Name": "DECATUR (ATLANTA) VA MEDICAL CENTER", "3": 0.0, "4": 0.0, "5": 0.0, "All": 0.0}, {"Hospital_Name": "DETROIT (JOHN D. DINGELL) VA MEDICAL CENTER", "3": 0.0, "4": 0.0, "5": 0.0, "All": 0.0}, {"Hospital_Name": "DUBLIN VA MEDICAL CENTER", "3": 0.0, "4": 0.0, "5": 0.0, "All": 0.0}, {"Hospital_Name": "DURHAM VA MEDICAL CENTER", "3": 0.0, "4": 0.0, "5": 0.0, "All": 0.0}, {"Hospital_Name": "ERIE VA MEDICAL CENTER", "3": 0.0, "4": 0.0, "5": 0.0, "All": 0.0}, {"Hospital_Name": "FARGO VA MEDICAL CENTER", "3": 0.0, "4": 0.0, "5": 0.0, "All": 0.0}, {"Hospital_Name": "FAYETTEVILLE AR VA MEDICAL CENTER", "3": 0.0, "4": 0.0, "5": 0.0, "All": 0.0}, {"Hospital_Name": "FAYETTEVILLE NC VA MEDICAL CENTER", "3": 0.0, "4": 0.0, "5": 0.0, "All": 0.0}, {"Hospital_Name": "FRESNO VA MEDICAL CENTER (VA CENTRAL CALIFORNIA HEALTHCARE SYSTEM)", "3": 0.0, "4": 0.0, "5": 0.0, "All": 0.0}, {"Hospital_Name": "G. V. (SONNY) MONTGOMERY VA MEDICAL CENTER (JACKSON)", "3": 0.0, "4": 0.0, "5": 0.0, "All": 0.0}, {"Hospital_Name": "GRAND JUNCTION VA MEDICAL CENTER", "3": 0.0, "4": 0.0, "5": 0.0, "All": 0.0}, {"Hospital_Name": "HAMPTON VA MEDICAL CENTER", "3": 1.0, "4": 0.0, "5": 0.0, "All": 1.0}, {"Hospital_Name": "HINES VA MEDICAL CENTER", "3": 0.0, "4": 0.0, "5": 0.0, "All": 0.0}, {"Hospital_Name": "HOUSTON VA MEDICAL CENTER", "3": 0.0, "4": 0.0, "5": 0.0, "All": 0.0}, {"Hospital_Name": "HUNTINGTON VA MEDICAL CENTER", "3": 0.0, "4": 0.0, "5": 0.0, "All": 0.0}, {"Hospital_Name": "INDIANAPOLIS VA MEDICAL CENTER", "3": 0.0, "4": 0.0, "5": 0.0, "All": 0.0}, {"Hospital_Name": "IOWA CITY VA MEDICAL CENTER", "3": 0.0, "4": 0.0, "5": 0.0, "All": 0.0}, {"Hospital_Name": "IRON MOUNTAIN MI VA MEDICAL CENTER", "3": 0.0, "4": 0.0, "5": 0.0, "All": 0.0}, {"Hospital_Name": "JAMES E. VAN ZANDT VA MEDICAL CENTER (ALTOONA)", "3": 0.0, "4": 0.0, "5": 0.0, "All": 0.0}, {"Hospital_Name": "JESSE BROWN VA MEDICAL CENTER - VA CHICAGO HEALTHCARE SYSTEM", "3": 0.0, "4": 0.0, "5": 0.0, "All": 0.0}, {"Hospital_Name": "KANSAS CITY VA MEDICAL CENTER", "3": 0.0, "4": 0.0, "5": 0.0, "All": 0.0}, {"Hospital_Name": "LEBANON VA MEDICAL CENTER", "3": 0.0, "4": 0.0, "5": 0.0, "All": 0.0}, {"Hospital_Name": "LEXINGTON VA MEDICAL CENTER", "3": 0.0, "4": 0.0, "5": 0.0, "All": 0.0}, {"Hospital_Name": "LOMA LINDA VA MEDICAL CENTER", "3": 0.0, "4": 0.0, "5": 0.0, "All": 0.0}, {"Hospital_Name": "LOUISVILLE VA MEDICAL CENTER", "3": 0.0, "4": 0.0, "5": 0.0, "All": 0.0}, {"Hospital_Name": "MADISON VA MEDICAL CENTER", "3": 0.0, "4": 0.0, "5": 0.0, "All": 0.0}, {"Hospital_Name": "MARION IL VA MEDICAL CENTER", "3": 0.0, "4": 0.0, "5": 0.0, "All": 0.0}, {"Hospital_Name": "MARTINSBURG VA MEDICAL CENTER", "3": 0.0, "4": 0.0, "5": 0.0, "All": 0.0}, {"Hospital_Name": "MEMPHIS VA MEDICAL CENTER", "3": 0.0, "4": 0.0, "5": 0.0, "All": 0.0}, {"Hospital_Name": "MIAMI VA MEDICAL CENTER", "3": 0.0, "4": 0.0, "5": 0.0, "All": 0.0}, {"Hospital_Name": "MILWAUKEE VA MEDICAL CENTER", "3": 0.0, "4": 0.0, "5": 0.0, "All": 0.0}, {"Hospital_Name": "MINNEAPOLIS VA MEDICAL CENTER", "3": 0.0, "4": 0.0, "5": 0.0, "All": 0.0}, {"Hospital_Name": "MOUNTAIN HOME VA MEDICAL CENTER", "3": 0.0, "4": 0.0, "5": 0.0, "All": 0.0}, {"Hospital_Name": "MUSKOGEE VA MEDICAL CENTER", "3": 0.0, "4": 0.0, "5": 0.0, "All": 0.0}, {"Hospital_Name": "NORTH CHICAGO VA MEDICAL CENTER", "3": 0.0, "4": 0.0, "5": 0.0, "All": 0.0}, {"Hospital_Name": "NORTHAMPTON VA MEDICAL CENTER", "3": 0.0, "4": 0.0, "5": 0.0, "All": 0.0}, {"Hospital_Name": "NORTHPORT VA MEDICAL CENTER", "3": 0.0, "4": 0.0, "5": 0.0, "All": 0.0}, {"Hospital_Name": "OKLAHOMA CITY VA MEDICAL CENTER", "3": 0.0, "4": 0.0, "5": 0.0, "All": 0.0}, {"Hospital_Name": "OMAHA VA MEDICAL CENTER (VA NEBRASKA WESTERN IOWA HEALTHCARE SYSTEM)", "3": 0.0, "4": 0.0, "5": 0.0, "All": 0.0}, {"Hospital_Name": "ORLANDO VA MEDICAL CENTER", "3": 0.0, "4": 0.0, "5": 0.0, "All": 0.0}, {"Hospital_Name": "OVERTON BROOKS VA MEDICAL CENTER (SHREVEPORT)", "3": 0.0, "4": 0.0, "5": 0.0, "All": 0.0}, {"Hospital_Name": "PALO ALTO VA MEDICAL CENTER", "3": 0.0, "4": 0.0, "5": 0.0, "All": 0.0}, {"Hospital_Name": "PHILADELPHIA VA MEDICAL CENTER", "3": 0.0, "4": 0.0, "5": 0.0, "All": 0.0}, {"Hospital_Name": "PHOENIX VA MEDICAL CENTER", "3": 0.0, "4": 0.0, "5": 0.0, "All": 0.0}, {"Hospital_Name": "POPLAR BLUFF VA MEDICAL CENTER", "3": 0.0, "4": 0.0, "5": 0.0, "All": 0.0}, {"Hospital_Name": "PORTLAND VA MEDICAL CENTER", "3": 0.0, "4": 0.0, "5": 0.0, "All": 0.0}, {"Hospital_Name": "PROVIDENCE VA MEDICAL CENTER", "3": 0.0, "4": 0.0, "5": 0.0, "All": 0.0}, {"Hospital_Name": "RICHMOND VA MEDICAL CENTER", "3": 0.0, "4": 0.0, "5": 0.0, "All": 0.0}, {"Hospital_Name": "SAGINAW VA MEDICAL CENTER", "3": 0.0, "4": 0.0, "5": 0.0, "All": 0.0}, {"Hospital_Name": "SALEM VA MEDICAL CENTER", "3": 0.0, "4": 0.0, "5": 0.0, "All": 0.0}, {"Hospital_Name": "SAN ANTONIO VA MEDICAL CENTER (VA SOUTH TEXAS HEALTHCARE SYSTEM)", "3": 0.0, "4": 0.0, "5": 0.0, "All": 0.0}, {"Hospital_Name": "SAN FRANCISCO VA MEDICAL CENTER", "3": 0.0, "4": 0.0, "5": 0.0, "All": 0.0}, {"Hospital_Name": "SAN JUAN VA MEDICAL CENTER", "3": 0.0, "4": 0.0, "5": 0.0, "All": 0.0}, {"Hospital_Name": "SEATTLE VA MEDICAL CENTER (VA PUGET SOUND HEALTHCARE SYSTEM)", "3": 0.0, "4": 0.0, "5": 0.0, "All": 0.0}, {"Hospital_Name": "SHERIDAN VA MEDICAL CENTER", "3": 0.0, "4": 0.0, "5": 0.0, "All": 0.0}, {"Hospital_Name": "SIOUX FALLS VA MEDICAL CENTER", "3": 0.0, "4": 0.0, "5": 0.0, "All": 0.0}, {"Hospital_Name": "SOUTHEAST LOUISIANA VETERANS HEALTH CARE SYSTEM", "3": 0.0, "4": 0.0, "5": 0.0, "All": 0.0}, {"Hospital_Name": "SPOKANE VA MEDICAL CENTER", "3": 0.0, "4": 0.0, "5": 0.0, "All": 0.0}, {"Hospital_Name": "ST CLOUD VA MEDICAL CENTER", "3": 0.0, "4": 0.0, "5": 0.0, "All": 0.0}, {"Hospital_Name": "ST LOUIS-JOHN COCHRAN VA MEDICAL CENTER", "3": 0.0, "4": 0.0, "5": 0.0, "All": 0.0}, {"Hospital_Name": "SYRACUSE VA MEDICAL CENTER", "3": 0.0, "4": 0.0, "5": 0.0, "All": 0.0}, {"Hospital_Name": "TAMPA VA MEDICAL CENTER", "3": 0.0, "4": 0.0, "5": 0.0, "All": 0.0}, {"Hospital_Name": "TEMPLE VA MEDICAL CENTER (VA CENTRAL TEXAS HEALTHCARE SYSTEM)", "3": 0.0, "4": 0.0, "5": 0.0, "All": 0.0}, {"Hospital_Name": "TOGUS VA MEDICAL CENTER", "3": 0.0, "4": 0.0, "5": 0.0, "All": 0.0}, {"Hospital_Name": "TOMAH VA MEDICAL CENTER", "3": 0.0, "4": 0.0, "5": 0.0, "All": 0.0}, {"Hospital_Name": "TUSCALOOSA VA MEDICAL CENTER", "3": 0.0, "4": 0.0, "5": 0.0, "All": 0.0}, {"Hospital_Name": "UPSTATE NEW YORK VA HEALTHCARE SYSTEM (WESTERN NY VA HEALTHCARE SYSTEM)", "3": 0.0, "4": 0.0, "5": 0.0, "All": 0.0}, {"Hospital_Name": "VA AMARILLO HEALTHCARE SYSTEM", "3": 0.0, "4": 0.0, "5": 0.0, "All": 0.0}, {"Hospital_Name": "VA ANN ARBOR HEALTHCARE SYSTEM", "3": 0.0, "4": 0.0, "5": 0.0, "All": 0.0}, {"Hospital_Name": "VA BLACK HILLS HEALTHCARE SYSTEM - FORT MEADE", "3": 0.0, "4": 0.0, "5": 0.0, "All": 0.0}, {"Hospital_Name": "VA BLACK HILLS HEALTHCARE SYSTEM - HOT SPRINGS", "3": 0.0, "4": 0.0, "5": 0.0, "All": 0.0}, {"Hospital_Name": "VA BOSTON HEALTHCARE SYSTEM - JAMAICA PLAIN", "3": 0.0, "4": 0.0, "5": 0.0, "All": 0.0}, {"Hospital_Name": "VA CENTRAL ALABAMA HEALTHCARE SYSTEM - MONTGOMERY", "3": 0.0, "4": 0.0, "5": 0.0, "All": 0.0}, {"Hospital_Name": "VA CENTRAL AR. VETERANS HEALTHCARE SYSTEM LR", "3": 0.0, "4": 0.0, "5": 0.0, "All": 0.0}, {"Hospital_Name": "VA CENTRAL IOWA HEALTHCARE SYSTEM", "3": 0.0, "4": 0.0, "5": 0.0, "All": 0.0}, {"Hospital_Name": "VA EASTERN COLORADO HEALTHCARE SYSTEM", "3": 0.0, "4": 0.0, "5": 0.0, "All": 0.0}, {"Hospital_Name": "VA EASTERN KANSAS HEALTHCARE SYSTEM - LEAVENWORTH", "3": 0.0, "4": 0.0, "5": 0.0, "All": 0.0}, {"Hospital_Name": "VA GREATER LOS ANGELES HEALTHCARE SYSTEM", "3": 0.0, "4": 0.0, "5": 0.0, "All": 0.0}, {"Hospital_Name": "VA GULF COAST HEALTHCARE SYSTEM", "3": 0.0, "4": 0.0, "5": 0.0, "All": 0.0}, {"Hospital_Name": "VA HUDSON VALLEY HEALTHCARE SYSTEM", "3": 0.0, "4": 0.0, "5": 0.0, "All": 0.0}, {"Hospital_Name": "VA HUDSON VALLEY HEALTHCARE SYSTEM - CASTLE POINT", "3": 0.0, "4": 0.0, "5": 0.0, "All": 0.0}, {"Hospital_Name": "VA ILLIANA HEALTHCARE SYSTEM - DANVILLE", "3": 0.0, "4": 0.0, "5": 0.0, "All": 1.0}, {"Hospital_Name": "VA LONG BEACH HEALTHCARE SYSTEM", "3": 0.0, "4": 0.0, "5": 0.0, "All": 0.0}, {"Hospital_Name": "VA MARYLAND HEALTHCARE SYSTEM - BALTIMORE", "3": 0.0, "4": 0.0, "5": 0.0, "All": 0.0}, {"Hospital_Name": "VA MARYLAND HEALTHCARE SYSTEM - PERRY POINT", "3": 0.0, "4": 0.0, "5": 0.0, "All": 0.0}, {"Hospital_Name": "VA MIDDLE TENNESSEE HEALTHCARE SYSTEM", "3": 0.0, "4": 0.0, "5": 0.0, "All": 0.0}, {"Hospital_Name": "VA MIDDLE TENNESSEE HEALTHCARE SYSTEM - MURFREESBORO", "3": 0.0, "4": 0.0, "5": 0.0, "All": 0.0}, {"Hospital_Name": "VA MONTANA HEALTHCARE SYSTEM", "3": 0.0, "4": 0.0, "5": 0.0, "All": 0.0}, {"Hospital_Name": "VA N CALIFORNIA HEALTHCARE SYSTEM", "3": 0.0, "4": 0.0, "5": 0.0, "All": 0.0}, {"Hospital_Name": "VA N. INDIANA HEALTHCARE SYSTEM - FT. WAYNE", "3": 0.0, "4": 0.0, "5": 0.0, "All": 0.0}, {"Hospital_Name": "VA N. INDIANA HEALTHCARE SYSTEM - MARION", "3": 0.0, "4": 0.0, "5": 0.0, "All": 0.0}, {"Hospital_Name": "VA NEW JERSEY HEALTH CARE SYSTEM", "3": 0.0, "4": 0.0, "5": 0.0, "All": 0.0}, {"Hospital_Name": "VA NEW MEXICO HEALTHCARE SYSTEM", "3": 0.0, "4": 0.0, "5": 0.0, "All": 0.0}, {"Hospital_Name": "VA NEW YORK HARBOR HEALTHCARE SYSTEM - BROOKLYN", "3": 0.0, "4": 0.0, "5": 0.0, "All": 0.0}, {"Hospital_Name": "VA NEW YORK HARBOR HEALTHCARE SYSTEM - NY DIV.", "3": 0.0, "4": 0.0, "5": 0.0, "All": 0.0}, {"Hospital_Name": "VA NORTH FLORIDA/SOUTH GEORGIA HEALTHCARE SYSTEM - GAINES", "3": 0.0, "4": 0.0, "5": 0.0, "All": 0.0}, {"Hospital_Name": "VA NORTH FLORIDA/SOUTH GEORGIA HEALTHCARE SYSTEM - LAKE CITY", "3": 0.0, "4": 0.0, "5": 0.0, "All": 0.0}, {"Hospital_Name": "VA NORTHERN ARIZONA HEALTHCARE SYSTEM", "3": 0.0, "4": 0.0, "5": 0.0, "All": 0.0}, {"Hospital_Name": "VA PITTSBURGH HEALTHCARE SYSTEM - UNIV DR", "3": 0.0, "4": 0.0, "5": 0.0, "All": 0.0}, {"Hospital_Name": "VA ROSEBURG HEALTHCARE SYSTEM", "3": 0.0, "4": 0.0, "5": 0.0, "All": 0.0}, {"Hospital_Name": "VA S. ARIZONA HEALTHCARE SYSTEM", "3": 0.0, "4": 0.0, "5": 0.0, "All": 0.0}, {"Hospital_Name": "VA SALT LAKE CITY HEALTHCARE - GEORGE E. WAHLEN VA MEDICAL CENTER", "3": 0.0, "4": 0.0, "5": 0.0, "All": 0.0}, {"Hospital_Name": "VA SAN DIEGO HEALTHCARE SYSTEM", "3": 0.0, "4": 0.0, "5": 0.0, "All": 0.0}, {"Hospital_Name": "VA SIERRA NEVADA HEALTHCARE SYSTEM", "3": 0.0, "4": 0.0, "5": 0.0, "All": 0.0}, {"Hospital_Name": "VA SOUTHERN NEVADA HEALTHCARE SYSTEM", "3": 0.0, "4": 0.0, "5": 0.0, "All": 0.0}, {"Hospital_Name": "W PALM BEACH VA MEDICAL CENTER", "3": 0.0, "4": 0.0, "5": 0.0, "All": 0.0}, {"Hospital_Name": "W.G. (BILL) HEFNER SALISBURY VA MEDICAL CENTER (SALSBURY)", "3": 0.0, "4": 0.0, "5": 0.0, "All": 0.0}, {"Hospital_Name": "WASHINGTON DC VA MEDICAL CENTER", "3": 0.0, "4": 0.0, "5": 0.0, "All": 0.0}, {"Hospital_Name": "WEST HAVEN VA MEDICAL CENTER", "3": 0.0, "4": 0.0, "5": 0.0, "All": 0.0}, {"Hospital_Name": "WHITE RIVER JCT VA MEDICAL CENTER", "3": 0.0, "4": 0.0, "5": 0.0, "All": 2.0}, {"Hospital_Name": "WICHITA VA MEDICAL CENTER", "3": 0.0, "4": 0.0, "5": 0.0, "All": 0.0}, {"Hospital_Name": "WILKES BARRE VA MEDICAL CENTER", "3": 0.0, "4": 0.0, "5": 0.0, "All": 0.0}, {"Hospital_Name": "WILMINGTON VA MEDICAL CENTER", "3": 0.0, "4": 0.0, "5": 0.0, "All": 0.0}, {"Hospital_Name": "All", "3": 1.0, "4": 1.0, "5": 1.0, "All": 4.0}]