[{"Hospital_Name": "1st Medical Group (Langley AFB)", "3": 0.0, "4": 1.0, "5": 0.0, "All": 1.0}, {"Hospital_Name": "60th Medical Group (Travis AFB)", "3": 0.0, "4": 1.0, "5": 0.0, "All": 1.0}, {"Hospital_Name": "673rd Medical Group (Joint Base Elmendorf-Richardson)", "3": 0.0, "4": 1.0, "5": 0.0, "All": 1.0}, {"Hospital_Name": "81st Medical Group (Keesler AFB)", "3": 0.0, "4": 0.0, "5": 1.0, "All": 1.0}, {"Hospital_Name": "88th Medical Group (Wright-Patterson AFB)", "3": 0.0, "4": 1.0, "5": 0.0, "All": 1.0}, {"Hospital_Name": "96th Medical Group (Eglin AFB)", "3": 0.0, "4": 1.0, "5": 0.0, "All": 1.0}, {"Hospital_Name": "99th Medical Group (Nellis AFB)", "3": 0.0, "4": 1.0, "5": 0.0, "All": 1.0}, {"Hospital_Name": "Bassett ACH (FT Wainwright)", "3": 0.0, "4": 1.0, "5": 0.0, "All": 1.0}, {"Hospital_Name": "Bayne-Jones ACH (Ft Polk)", "3": 0.0, "4": 1.0, "5": 0.0, "All": 1.0}, {"Hospital_Name": "Blanchfield ACH (FT Campbell)", "3": 0.0, "4": 1.0, "5": 0.0, "All": 1.0}, {"Hospital_Name": "Brook Army Medical Center  (FT Sam Houston)", "3": 0.0, "4": 1.0, "5": 0.0, "All": 1.0}, {"Hospital_Name": "Darnall AMC (FT Hood)", "3": 0.0, "4": 1.0, "5": 0.0, "All": 1.0}, {"Hospital_Name": "Dwight Eisenhower AMC (FT Gordon)", "3": 0.0, "4": 1.0, "5": 0.0, "All": 1.0}, {"Hospital_Name": "Evans ACH (FT Carson)", "3": 0.0, "4": 1.0, "5": 0.0, "All": 1.0}, {"Hospital_Name": "Fort Belvoir Community Hospital", "3": 0.0, "4": 1.0, "5": 0.0, "All": 1.0}, {"Hospital_Name": "General Leonard Wood ACH (FT Leonard Wood)", "3": 0.0, "4": 1.0, "5": 0.0, "All": 1.0}, {"Hospital_Name": "Irwin ACH (FT Riley)", "3": 0.0, "4": 1.0, "5": 0.0, "All": 1.0}, {"Hospital_Name": "Keller ACH (West Point)", "3": 0.0, "4": 0.0, "5": 1.0, "All": 1.0}, {"Hospital_Name": "Madigan AMC (FT Lewis)", "3": 0.0, "4": 1.0, "5": 0.0, "All": 1.0}, {"Hospital_Name": "Martin ACH (FT Benning)", "3": 0.0, "4": 1.0, "5": 0.0, "All": 1.0}, {"Hospital_Name": "NH Camp Pendleton", "3": 0.0, "4": 1.0, "5": 0.0, "All": 1.0}, {"Hospital_Name": "NH Jacksonville", "3": 0.0, "4": 1.0, "5": 0.0, "All": 1.0}, {"Hospital_Name": "NH Twenty Nine Palms", "3": 0.0, "4": 1.0, "5": 0.0, "All": 1.0}, {"Hospital_Name": "NMC Camp Lejeune", "3": 1.0, "4": 0.0, "5": 0.0, "All": 1.0}, {"Hospital_Name": "NMC Portsmouth", "3": 0.0, "4": 1.0, "5": 0.0, "All": 1.0}, {"Hospital_Name": "NMC San Diego", "3": 0.0, "4": 1.0, "5": 0.0, "All": 1.0}, {"Hospital_Name": "Tripler AMC (FT Shafter)", "3": 1.0, "4": 0.0, "5": 0.0, "All": 1.0}, {"Hospital_Name": "Walter Reed National Military Med Cen", "3": 0.0, "4": 1.0, "5": 0.0, "All": 1.0}, {"Hospital_Name": "Weed ACH (FT Irwin)", "3": 0.0, "4": 0.0, "5": 1.0, "All": 1.0}, {"Hospital_Name": "William Beaumont AMG (FT Bliss)", "3": 0.0, "4": 1.0, "5": 0.0, "All": 1.0}, {"Hospital_Name": "Winn ACH (FT Stewart)", "3": 0.0, "4": 1.0, "5": 0.0, "All": 1.0}, {"Hospital_Name": "Womack AMC (FT Bragg)", "3": 0.0, "4": 1.0, "5": 0.0, "All": 1.0}, {"Hospital_Name": "All", "3": 2.0, "4": 27.0, "5": 3.0, "All": 32.0}]